﻿<?xml version="1.0" encoding="utf-8"?>
<ImportExportXml xmlns:xsi="http://www.w3.org/2001/XMLSchema-instance">
  <Entities />
  <Roles />
  <Workflows />
  <FieldSecurityProfiles />
  <Templates />
  <EntityMaps />
  <EntityRelationships />
  <OrganizationSettings />
  <optionsets />
  <CustomControls />
  <EntityDataProviders />
  <CanvasApps>
    <CanvasApp>
      <Name>ppa_mixedrealityapp_8c5e9</Name>
      <AppVersion>2023-08-31T07:02:22Z</AppVersion>
      <Status>Ready</Status>
      <CreatedByClientVersion>3.23083.17.0</CreatedByClientVersion>
      <MinClientVersion>3.23083.17.0</MinClientVersion>
      <Tags>{"primaryDeviceWidth":"640","primaryDeviceHeight":"1136","supportsPortrait":"true","supportsLandscape":"true","primaryFormFactor":"Phone","publisherVersion":"3.23083.17","minimumRequiredApiVersion":"2.2.0","hasComponent":"true","hasUnlockedComponent":"false","isUnifiedRootApp":"false","sienaVersion":"20230830T115752Z-3.23082.20.0","showStatusBar":"false"}</Tags>
      <IsCdsUpgraded>0</IsCdsUpgraded>
      <GalleryItemId xsi:nil="true"></GalleryItemId>
      <BackgroundColor>RGBA(0,176,240,1)</BackgroundColor>
      <DisplayName>Mixed Reality App</DisplayName>
      <Description xsi:nil="true"></Description>
      <CommitMessage xsi:nil="true"></CommitMessage>
      <Publisher></Publisher>
      <AuthorizationReferences>[]</AuthorizationReferences>
      <ConnectionReferences>{"003c10bb-0e9a-4c4b-805d-593afc9cb727":{"id":"/providers/microsoft.powerapps/apis/shared_ppa-5fsmithsonian-203d-5f508d4bb8d9e8d6ef","displayName":"Smithsonian 3D","iconUri":"https://pafeblobprodam.blob.core.windows.net/20230830t000000z7f01083bb51f44c3b284a44840da4c93/ppa_5Fsmithsonian-203d_iconblob.Png?sv=2018-03-28&amp;sr=c&amp;sig=EZLOt%2B9Py7zx8vJrAVp44eNlqNfx0d4AEbqS4qfp4S8%3D&amp;se=2023-09-04T16%3A00%3A00Z&amp;sp=rl","dataSources":["Smithsonian3D"],"dependencies":[],"dependents":[],"parameterHints":{},"parameterHintsV2":{},"isOnPremiseConnection":false,"bypassConsent":false,"dataSets":{},"apiTier":"Standard","actions":["FileSearch"],"customApiLogicalName":"ppa_5Fsmithsonian-203d","isCustomApiSolutionAware":true},"e7812c1e-6c70-4352-9e59-aa9d9a083c81":{"id":"/providers/microsoft.powerapps/apis/shared_excel","displayName":"Excel","iconUri":"https://connectoricons-prod.azureedge.net/releases/v1.0.1646/1.0.1646.3354/excel/icon.png","dataSources":["Coral","Occupants"],"dependencies":["23bfa158-65d0-4741-a77d-86d12dee973b"],"dependents":[],"parameterHints":{"23bfa158-65d0-4741-a77d-86d12dee973b":{"value":"fileSource"}},"parameterHintsV2":{"fileSource":{"value":"23bfa158-65d0-4741-a77d-86d12dee973b"}},"isOnPremiseConnection":false,"bypassConsent":false,"dataSets":{"b!hfaW0aTft0OuR3hpYJFjusOo0Am41RBHuGVkWYGOoEUrYQpYlCaMTZ3LwIxBIkFA.01IYEVJAOJB6AMUXZ4QBHJIJA4RNPP6D3W":{"dataSources":{"Coral":{"tableName":"Coral"},"Occupants":{"tableName":"Occupants"}}}},"apiTier":"Standard","actions":["providers/PowerPlatform.Governance/Operations/Read"],"isCustomApiSolutionAware":false},"23bfa158-65d0-4741-a77d-86d12dee973b":{"id":"/providers/microsoft.powerapps/apis/shared_onedriveforbusiness","displayName":"OneDrive for Business","iconUri":"https://connectoricons-prod.azureedge.net/releases/v1.0.1647/1.0.1647.3361/onedriveforbusiness/icon.png","dataSources":[],"dependencies":[],"dependents":["e7812c1e-6c70-4352-9e59-aa9d9a083c81"],"parameterHints":{},"parameterHintsV2":{},"isOnPremiseConnection":false,"bypassConsent":false,"dataSets":{},"apiTier":"Standard","isCustomApiSolutionAware":false}}</ConnectionReferences>
      <DatabaseReferences>{}</DatabaseReferences>
      <AppComponents>[]</AppComponents>
      <AppComponentDependencies>[{"appComponentName":"2e88179d732a402184a767c94eab038b","appName":"f8bf6edb-7a82-4e5c-96a8-3c90b2d89666","appComponentLibraryName":"fd3cb87a-f19c-4b87-a2fd-84958beb306e","appComponentLibraryVersion":"2023-08-30T09:12:10Z","appComponentLibraryLogicalName":"cat_powercatcomponentlibrary_0be3a","environmentName":"df541d62-4ddf-ea36-8a87-8a523cd8395d"},{"appComponentName":"44e7951b1fad4ad98126f8c108dd1e9f","appName":"f8bf6edb-7a82-4e5c-96a8-3c90b2d89666","appComponentLibraryName":"fd3cb87a-f19c-4b87-a2fd-84958beb306e","appComponentLibraryVersion":"2023-08-30T09:12:10Z","appComponentLibraryLogicalName":"cat_powercatcomponentlibrary_0be3a","environmentName":"df541d62-4ddf-ea36-8a87-8a523cd8395d"},{"appComponentName":"6da4b2f929d240969e49e05e10e720ce","appName":"f8bf6edb-7a82-4e5c-96a8-3c90b2d89666","appComponentLibraryName":"fd3cb87a-f19c-4b87-a2fd-84958beb306e","appComponentLibraryVersion":"2023-08-30T09:12:10Z","appComponentLibraryLogicalName":"cat_powercatcomponentlibrary_0be3a","environmentName":"df541d62-4ddf-ea36-8a87-8a523cd8395d"},{"appComponentName":"952d39d80fc84420b772a5058b19d909","appName":"f8bf6edb-7a82-4e5c-96a8-3c90b2d89666","appComponentLibraryName":"fd3cb87a-f19c-4b87-a2fd-84958beb306e","appComponentLibraryVersion":"2023-08-30T09:12:10Z","appComponentLibraryLogicalName":"cat_powercatcomponentlibrary_0be3a","environmentName":"df541d62-4ddf-ea36-8a87-8a523cd8395d"}]</AppComponentDependencies>
      <CanConsumeAppPass>1</CanConsumeAppPass>
      <CanvasAppType>0</CanvasAppType>
      <BypassConsent>0</BypassConsent>
      <AdminControlBypassConsent>0</AdminControlBypassConsent>
      <EmbeddedApp xsi:nil="true"></EmbeddedApp>
      <IntroducedVersion>1.0</IntroducedVersion>
      <CdsDependencies>{"cdsdependencies":[{"logicalname":"ppa_5Fsmithsonian-203d","componenttype":372,"componenttypeplatformname":"connector"},{"logicalname":"cat_powercatcomponentlibrary_0be3a","componenttype":300,"componenttypeplatformname":"CanvasApp"}]}</CdsDependencies>
      <IsCustomizable>1</IsCustomizable>
      <BackgroundImageUri>/CanvasApps/ppa_mixedrealityapp_8c5e9_BackgroundImageUri</BackgroundImageUri>
      <DocumentUri>/CanvasApps/ppa_mixedrealityapp_8c5e9_DocumentUri.msapp</DocumentUri>
    </CanvasApp>
  </CanvasApps>
  <Connectors>
    <Connector>
      <connectorid>8fdeedcc-b21b-4f9b-9041-b3c74267bf19</connectorid>
      <description></description>
      <displayname>Smithsonian 3D</displayname>
      <iconbrandcolor>#007ee5</iconbrandcolor>
      <name>ppa_5Fsmithsonian-203d</name>
      <connectortype>1</connectortype>
      <openapidefinition>/Connector/ppa_5Fsmithsonian-203d_openapidefinition.json</openapidefinition>
      <connectionparameters>/Connector/ppa_5Fsmithsonian-203d_connectionparameters.json</connectionparameters>
      <policytemplateinstances>/Connector/ppa_5Fsmithsonian-203d_policytemplateinstances.json</policytemplateinstances>
      <iconblob>/Connector/ppa_5Fsmithsonian-203d_iconblob.Png</iconblob>
    </Connector>
  </Connectors>
  <Languages>
    <Language>1033</Language>
  </Languages>
</ImportExportXml>